{
	"isLineActive":	true,
	"isOutlineActive":	true,
	"circles":	[{
			"center":	{
				"x":	727.509765625,
				"y":	321.42282104492188
			},
			"color":	{
				"r":	234,
				"g":	7,
				"b":	7,
				"a":	255
			},
			"radius":	22.126865386962891,
			"angularSpeed":	75.223876953125
		}, {
			"center":	{
				"x":	806.72930908203125,
				"y":	293.74752807617188
			},
			"color":	{
				"r":	255,
				"g":	215,
				"b":	8,
				"a":	255
			},
			"radius":	22.126865386962891,
			"angularSpeed":	-53.7313232421875
		}, {
			"center":	{
				"x":	818.60272216796875,
				"y":	210.67807006835938
			},
			"color":	{
				"r":	8,
				"g":	136,
				"b":	255,
				"a":	255
			},
			"radius":	22.126865386962891,
			"angularSpeed":	118.208984375
		}]
}