{
	"isLineActive":	true,
	"isOutlineActive":	true,
	"circles":	[{
			"center":	{
				"x":	720,
				"y":	405
			},
			"color":	{
				"r":	0,
				"g":	0,
				"b":	0,
				"a":	255
			},
			"radius":	5,
			"angularSpeed":	0
		}, {
			"center":	{
				"x":	716.73333740234375,
				"y":	322.35867309570312
			},
			"color":	{
				"r":	168,
				"g":	136,
				"b":	218,
				"a":	255
			},
			"radius":	12.063814163208008,
			"angularSpeed":	-80.087287902832031
		}, {
			"center":	{
				"x":	673.176513671875,
				"y":	345.0863037109375
			},
			"color":	{
				"r":	103,
				"g":	1,
				"b":	178,
				"a":	255
			},
			"radius":	18.722953796386719,
			"angularSpeed":	157.05984497070312
		}, {
			"center":	{
				"x":	658.75250244140625,
				"y":	298.49490356445312
			},
			"color":	{
				"r":	251,
				"g":	162,
				"b":	92,
				"a":	255
			},
			"radius":	20.366680145263672,
			"angularSpeed":	-131.28512573242188
		}]
}