{
	"isLineActive":	true,
	"isOutlineActive":	true,
	"circles":	[{
			"center":	{
				"x":	720,
				"y":	405
			},
			"color":	{
				"r":	0,
				"g":	0,
				"b":	0,
				"a":	255
			},
			"radius":	5,
			"angularSpeed":	0
		}, {
			"center":	{
				"x":	687.5595703125,
				"y":	333.73526000976562
			},
			"color":	{
				"r":	71,
				"g":	215,
				"b":	0,
				"a":	255
			},
			"radius":	10.435956954956055,
			"angularSpeed":	-59.443344116210938
		}, {
			"center":	{
				"x":	627.9986572265625,
				"y":	390.32708740234375
			},
			"color":	{
				"r":	223,
				"g":	114,
				"b":	122,
				"a":	255
			},
			"radius":	22.285072326660156,
			"angularSpeed":	78.20855712890625
		}, {
			"center":	{
				"x":	621.30108642578125,
				"y":	324.45724487304688
			},
			"color":	{
				"r":	164,
				"g":	216,
				"b":	117,
				"a":	255
			},
			"radius":	20.082857131958008,
			"angularSpeed":	-61.025428771972656
		}]
}