{
	"isLineActive":	false,
	"isOutlineActive":	false,
	"circles":	[{
			"center":	{
				"x":	527.13311767578125,
				"y":	457.94613647460938
			},
			"color":	{
				"r":	255,
				"g":	216,
				"b":	8,
				"a":	255
			},
			"radius":	50,
			"angularSpeed":	-10.74627685546875
		}, {
			"center":	{
				"x":	624.1275634765625,
				"y":	549.1973876953125
			},
			"color":	{
				"r":	8,
				"g":	166,
				"b":	255,
				"a":	255
			},
			"radius":	17.425373077392578,
			"angularSpeed":	-42.98504638671875
		}, {
			"center":	{
				"x":	659.81732177734375,
				"y":	535.78375244140625
			},
			"color":	{
				"r":	70,
				"g":	84,
				"b":	91,
				"a":	255
			},
			"radius":	8.0223884582519531,
			"angularSpeed":	-139.70147705078125
		}]
}